assay,replicate_num,culture_id,pg_id,doseplate_id,stype,chem_id,dose_level,conc,conc_unit,sample_id,plate_id,well_id,trt_name,qc_flag
CV,1,c2018-10-14,1,LAB-000001,reference chemical,BERB,1,0.0299,uM,TC00000201_E17,TC00000201,E17,1_BERB_1,OK
CV,1,c2018-10-14,1,LAB-000001,reference chemical,BERB,2,0.1,uM,TC00000201_P05,TC00000201,P05,1_BERB_2,OK
CV,1,c2018-10-14,1,LAB-000001,reference chemical,BERB,3,0.3,uM,TC00000201_D21,TC00000201,D21,1_BERB_3,OK
CV,1,c2018-10-14,1,LAB-000001,reference chemical,BERB,4,1,uM,TC00000201_E24,TC00000201,E24,1_BERB_4,OK
CV,1,c2018-10-14,1,LAB-000001,reference chemical,BERB,4,1,uM,TC00000201_K11,TC00000201,K11,1_BERB_4,OK
CV,1,c2018-10-14,1,LAB-000001,reference chemical,BERB,4,1,uM,TC00000201_B05,TC00000201,B05,1_BERB_4,OK
CV,1,c2018-10-14,1,LAB-000001,reference chemical,BERB,5,3,uM,TC00000201_C20,TC00000201,C20,1_BERB_5,OK
CV,1,c2018-10-14,1,LAB-000001,reference chemical,BERB,6,10,uM,TC00000201_P23,TC00000201,P23,1_BERB_6,OK
CV,1,c2018-10-14,1,LAB-000001,reference chemical,CA074ME,1,0.0299,uM,TC00000201_K23,TC00000201,K23,1_CA074ME_1,OK
CV,1,c2018-10-14,1,LAB-000001,reference chemical,CA074ME,2,0.1,uM,TC00000201_H01,TC00000201,H01,1_CA074ME_2,OK
CV,1,c2018-10-14,1,LAB-000001,reference chemical,CA074ME,3,0.3,uM,TC00000201_B03,TC00000201,B03,1_CA074ME_3,OK
CV,1,c2018-10-14,1,LAB-000001,reference chemical,CA074ME,3,0.3,uM,TC00000201_L20,TC00000201,L20,1_CA074ME_3,OK
CV,1,c2018-10-14,1,LAB-000001,reference chemical,CA074ME,3,0.3,uM,TC00000201_N15,TC00000201,N15,1_CA074ME_3,OK
CV,1,c2018-10-14,1,LAB-000001,reference chemical,CA074ME,4,1,uM,TC00000201_J23,TC00000201,J23,1_CA074ME_4,OK
CV,1,c2018-10-14,1,LAB-000001,reference chemical,CA074ME,5,3,uM,TC00000201_P16,TC00000201,P16,1_CA074ME_5,OK
CV,1,c2018-10-14,1,LAB-000001,reference chemical,CA074ME,6,10,uM,TC00000201_K19,TC00000201,K19,1_CA074ME_6,OK
CV,1,c2018-10-14,1,LAB-000001,reference chemical,ETOP,1,0.0299,uM,TC00000201_N14,TC00000201,N14,1_ETOP_1,OK
CV,1,c2018-10-14,1,LAB-000001,reference chemical,ETOP,2,0.1,uM,TC00000201_H16,TC00000201,H16,1_ETOP_2,OK
CV,1,c2018-10-14,1,LAB-000001,reference chemical,ETOP,3,0.3,uM,TC00000201_I03,TC00000201,I03,1_ETOP_3,OK
CV,1,c2018-10-14,1,LAB-000001,reference chemical,ETOP,3,0.3,uM,TC00000201_H22,TC00000201,H22,1_ETOP_3,OK
CV,1,c2018-10-14,1,LAB-000001,reference chemical,ETOP,3,0.3,uM,TC00000201_O09,TC00000201,O09,1_ETOP_3,OK
CV,1,c2018-10-14,1,LAB-000001,reference chemical,ETOP,4,1,uM,TC00000201_G13,TC00000201,G13,1_ETOP_4,OK
CV,1,c2018-10-14,1,LAB-000001,reference chemical,ETOP,5,3,uM,TC00000201_J06,TC00000201,J06,1_ETOP_5,OK
CV,1,c2018-10-14,1,LAB-000001,reference chemical,ETOP,6,10,uM,TC00000201_B02,TC00000201,B02,1_ETOP_6,OK
CV,1,c2018-10-14,1,LAB-000001,reference chemical,RAPA,1,0.0299,uM,TC00000201_E18,TC00000201,E18,1_RAPA_1,OK
CV,1,c2018-10-14,1,LAB-000001,reference chemical,RAPA,2,0.1,uM,TC00000201_M22,TC00000201,M22,1_RAPA_2,OK
CV,1,c2018-10-14,1,LAB-000001,reference chemical,RAPA,3,0.3,uM,TC00000201_I08,TC00000201,I08,1_RAPA_3,OK
CV,1,c2018-10-14,1,LAB-000001,reference chemical,RAPA,4,1,uM,TC00000201_O19,TC00000201,O19,1_RAPA_4,OK
CV,1,c2018-10-14,1,LAB-000001,reference chemical,RAPA,5,3,uM,TC00000201_O07,TC00000201,O07,1_RAPA_5,OK
CV,1,c2018-10-14,1,LAB-000001,reference chemical,RAPA,5,3,uM,TC00000201_H19,TC00000201,H19,1_RAPA_5,OK
CV,1,c2018-10-14,1,LAB-000001,reference chemical,RAPA,5,3,uM,TC00000201_B24,TC00000201,B24,1_RAPA_5,OK
CV,1,c2018-10-14,1,LAB-000001,reference chemical,RAPA,6,10,uM,TC00000201_E20,TC00000201,E20,1_RAPA_6,OK
CV,1,c2018-10-14,1,LAB-000005,test chemical,EPAPLT0121A01,1,0.0299,uM,TC00000201_A01,TC00000201,A01,1_EPAPLT0121A01_1,OK
CV,1,c2018-10-14,1,LAB-000005,test chemical,EPAPLT0121A01,2,0.1,uM,TC00000201_I10,TC00000201,I10,1_EPAPLT0121A01_2,OK
CV,1,c2018-10-14,1,LAB-000005,test chemical,EPAPLT0121A01,3,0.3,uM,TC00000201_O21,TC00000201,O21,1_EPAPLT0121A01_3,OK
CV,1,c2018-10-14,1,LAB-000005,test chemical,EPAPLT0121A01,4,1,uM,TC00000201_J13,TC00000201,J13,1_EPAPLT0121A01_4,OK
CV,1,c2018-10-14,1,LAB-000005,test chemical,EPAPLT0121A01,5,3,uM,TC00000201_K09,TC00000201,K09,1_EPAPLT0121A01_5,OK
CV,1,c2018-10-14,1,LAB-000005,test chemical,EPAPLT0121A01,6,10,uM,TC00000201_A21,TC00000201,A21,1_EPAPLT0121A01_6,OK
CV,1,c2018-10-14,1,LAB-000005,test chemical,EPAPLT0121A01,7,30,uM,TC00000201_N08,TC00000201,N08,1_EPAPLT0121A01_7,OK
CV,1,c2018-10-14,1,LAB-000005,test chemical,EPAPLT0121A01,8,100,uM,TC00000201_O23,TC00000201,O23,1_EPAPLT0121A01_8,OK
CV,1,c2018-10-14,1,LAB-000005,test chemical,EPAPLT0121A02,1,0.0299,uM,TC00000201_C15,TC00000201,C15,1_EPAPLT0121A02_1,OK
CV,1,c2018-10-14,1,LAB-000005,test chemical,EPAPLT0121A02,2,0.1,uM,TC00000201_C03,TC00000201,C03,1_EPAPLT0121A02_2,OK
CV,1,c2018-10-14,1,LAB-000005,test chemical,EPAPLT0121A02,3,0.3,uM,TC00000201_P11,TC00000201,P11,1_EPAPLT0121A02_3,OK
CV,1,c2018-10-14,1,LAB-000005,test chemical,EPAPLT0121A02,4,1,uM,TC00000201_E19,TC00000201,E19,1_EPAPLT0121A02_4,OK
CV,1,c2018-10-14,1,LAB-000005,test chemical,EPAPLT0121A02,5,3,uM,TC00000201_D07,TC00000201,D07,1_EPAPLT0121A02_5,OK
CV,1,c2018-10-14,1,LAB-000005,test chemical,EPAPLT0121A02,6,10,uM,TC00000201_P15,TC00000201,P15,1_EPAPLT0121A02_6,OK
CV,1,c2018-10-14,1,LAB-000005,test chemical,EPAPLT0121A02,7,30,uM,TC00000201_O06,TC00000201,O06,1_EPAPLT0121A02_7,OK
CV,1,c2018-10-14,1,LAB-000005,test chemical,EPAPLT0121A02,8,100,uM,TC00000201_B14,TC00000201,B14,1_EPAPLT0121A02_8,OK
CV,1,c2018-10-14,1,LAB-000005,test chemical,EPAPLT0121A03,1,0.0299,uM,TC00000201_K15,TC00000201,K15,1_EPAPLT0121A03_1,OK
CV,1,c2018-10-14,1,LAB-000005,test chemical,EPAPLT0121A03,2,0.1,uM,TC00000201_O14,TC00000201,O14,1_EPAPLT0121A03_2,OK
CV,1,c2018-10-14,1,LAB-000005,test chemical,EPAPLT0121A03,3,0.3,uM,TC00000201_I04,TC00000201,I04,1_EPAPLT0121A03_3,OK
CV,1,c2018-10-14,1,LAB-000005,test chemical,EPAPLT0121A03,4,1,uM,TC00000201_J18,TC00000201,J18,1_EPAPLT0121A03_4,OK
CV,1,c2018-10-14,1,LAB-000005,test chemical,EPAPLT0121A03,5,3,uM,TC00000201_P13,TC00000201,P13,1_EPAPLT0121A03_5,OK
CV,1,c2018-10-14,1,LAB-000005,test chemical,EPAPLT0121A03,6,10,uM,TC00000201_D24,TC00000201,D24,1_EPAPLT0121A03_6,OK
CV,1,c2018-10-14,1,LAB-000005,test chemical,EPAPLT0121A03,7,30,uM,TC00000201_P24,TC00000201,P24,1_EPAPLT0121A03_7,OK
CV,1,c2018-10-14,1,LAB-000005,test chemical,EPAPLT0121A03,8,100,uM,TC00000201_F06,TC00000201,F06,1_EPAPLT0121A03_8,OK
CV,1,c2018-10-14,1,LAB-000005,test chemical,EPAPLT0121A04,1,0.0299,uM,TC00000201_B12,TC00000201,B12,1_EPAPLT0121A04_1,OK
CV,1,c2018-10-14,1,LAB-000005,test chemical,EPAPLT0121A04,2,0.1,uM,TC00000201_I05,TC00000201,I05,1_EPAPLT0121A04_2,OK
CV,1,c2018-10-14,1,LAB-000005,test chemical,EPAPLT0121A04,3,0.3,uM,TC00000201_L17,TC00000201,L17,1_EPAPLT0121A04_3,OK
CV,1,c2018-10-14,1,LAB-000005,test chemical,EPAPLT0121A04,4,1,uM,TC00000201_P19,TC00000201,P19,1_EPAPLT0121A04_4,OK
CV,1,c2018-10-14,1,LAB-000005,test chemical,EPAPLT0121A04,5,3,uM,TC00000201_K13,TC00000201,K13,1_EPAPLT0121A04_5,OK
CV,1,c2018-10-14,1,LAB-000005,test chemical,EPAPLT0121A04,6,10,uM,TC00000201_H17,TC00000201,H17,1_EPAPLT0121A04_6,OK
CV,1,c2018-10-14,1,LAB-000005,test chemical,EPAPLT0121A04,7,30,uM,TC00000201_B01,TC00000201,B01,1_EPAPLT0121A04_7,OK
CV,1,c2018-10-14,1,LAB-000005,test chemical,EPAPLT0121A04,8,100,uM,TC00000201_E02,TC00000201,E02,1_EPAPLT0121A04_8,OK
CV,1,c2018-10-14,1,LAB-000005,test chemical,EPAPLT0121A05,1,0.0299,uM,TC00000201_J05,TC00000201,J05,1_EPAPLT0121A05_1,OK
CV,1,c2018-10-14,1,LAB-000005,test chemical,EPAPLT0121A05,2,0.1,uM,TC00000201_J12,TC00000201,J12,1_EPAPLT0121A05_2,OK
CV,1,c2018-10-14,1,LAB-000005,test chemical,EPAPLT0121A05,3,0.3,uM,TC00000201_A07,TC00000201,A07,1_EPAPLT0121A05_3,OK
CV,1,c2018-10-14,1,LAB-000005,test chemical,EPAPLT0121A05,4,1,uM,TC00000201_C24,TC00000201,C24,1_EPAPLT0121A05_4,OK
CV,1,c2018-10-14,1,LAB-000005,test chemical,EPAPLT0121A05,5,3,uM,TC00000201_D08,TC00000201,D08,1_EPAPLT0121A05_5,OK
CV,1,c2018-10-14,1,LAB-000005,test chemical,EPAPLT0121A05,6,10,uM,TC00000201_O17,TC00000201,O17,1_EPAPLT0121A05_6,OK
CV,1,c2018-10-14,1,LAB-000005,test chemical,EPAPLT0121A05,7,30,uM,TC00000201_B09,TC00000201,B09,1_EPAPLT0121A05_7,OK
CV,1,c2018-10-14,1,LAB-000005,test chemical,EPAPLT0121A05,8,100,uM,TC00000201_N18,TC00000201,N18,1_EPAPLT0121A05_8,OK
CV,1,c2018-10-14,1,LAB-000005,test chemical,EPAPLT0121A06,1,0.0299,uM,TC00000201_A02,TC00000201,A02,1_EPAPLT0121A06_1,OK
CV,1,c2018-10-14,1,LAB-000005,test chemical,EPAPLT0121A06,2,0.1,uM,TC00000201_A13,TC00000201,A13,1_EPAPLT0121A06_2,OK
CV,1,c2018-10-14,1,LAB-000005,test chemical,EPAPLT0121A06,3,0.3,uM,TC00000201_P08,TC00000201,P08,1_EPAPLT0121A06_3,OK
CV,1,c2018-10-14,1,LAB-000005,test chemical,EPAPLT0121A06,4,1,uM,TC00000201_E16,TC00000201,E16,1_EPAPLT0121A06_4,OK
CV,1,c2018-10-14,1,LAB-000005,test chemical,EPAPLT0121A06,5,3,uM,TC00000201_E08,TC00000201,E08,1_EPAPLT0121A06_5,OK
CV,1,c2018-10-14,1,LAB-000005,test chemical,EPAPLT0121A06,6,10,uM,TC00000201_L07,TC00000201,L07,1_EPAPLT0121A06_6,OK
CV,1,c2018-10-14,1,LAB-000005,test chemical,EPAPLT0121A06,7,30,uM,TC00000201_O10,TC00000201,O10,1_EPAPLT0121A06_7,OK
CV,1,c2018-10-14,1,LAB-000005,test chemical,EPAPLT0121A06,8,100,uM,TC00000201_L18,TC00000201,L18,1_EPAPLT0121A06_8,OK
CV,1,c2018-10-14,1,LAB-000005,test chemical,EPAPLT0121A07,1,0.0299,uM,TC00000201_D18,TC00000201,D18,1_EPAPLT0121A07_1,OK
CV,1,c2018-10-14,1,LAB-000005,test chemical,EPAPLT0121A07,2,0.1,uM,TC00000201_K14,TC00000201,K14,1_EPAPLT0121A07_2,OK
CV,1,c2018-10-14,1,LAB-000005,test chemical,EPAPLT0121A07,3,0.3,uM,TC00000201_G05,TC00000201,G05,1_EPAPLT0121A07_3,OK
CV,1,c2018-10-14,1,LAB-000005,test chemical,EPAPLT0121A07,4,1,uM,TC00000201_M04,TC00000201,M04,1_EPAPLT0121A07_4,OK
CV,1,c2018-10-14,1,LAB-000005,test chemical,EPAPLT0121A07,5,3,uM,TC00000201_N09,TC00000201,N09,1_EPAPLT0121A07_5,OK
CV,1,c2018-10-14,1,LAB-000005,test chemical,EPAPLT0121A07,6,10,uM,TC00000201_F23,TC00000201,F23,1_EPAPLT0121A07_6,OK
CV,1,c2018-10-14,1,LAB-000005,test chemical,EPAPLT0121A07,7,30,uM,TC00000201_E15,TC00000201,E15,1_EPAPLT0121A07_7,OK
CV,1,c2018-10-14,1,LAB-000005,test chemical,EPAPLT0121A07,8,100,uM,TC00000201_B08,TC00000201,B08,1_EPAPLT0121A07_8,OK
CV,1,c2018-10-14,1,LAB-000005,test chemical,EPAPLT0121A08,1,0.0299,uM,TC00000201_F15,TC00000201,F15,1_EPAPLT0121A08_1,OK
CV,1,c2018-10-14,1,LAB-000005,test chemical,EPAPLT0121A08,2,0.1,uM,TC00000201_C23,TC00000201,C23,1_EPAPLT0121A08_2,OK
CV,1,c2018-10-14,1,LAB-000005,test chemical,EPAPLT0121A08,3,0.3,uM,TC00000201_A03,TC00000201,A03,1_EPAPLT0121A08_3,OK
CV,1,c2018-10-14,1,LAB-000005,test chemical,EPAPLT0121A08,4,1,uM,TC00000201_P14,TC00000201,P14,1_EPAPLT0121A08_4,OK
CV,1,c2018-10-14,1,LAB-000005,test chemical,EPAPLT0121A08,5,3,uM,TC00000201_M13,TC00000201,M13,1_EPAPLT0121A08_5,OK
CV,1,c2018-10-14,1,LAB-000005,test chemical,EPAPLT0121A08,6,10,uM,TC00000201_K16,TC00000201,K16,1_EPAPLT0121A08_6,OK
CV,1,c2018-10-14,1,LAB-000005,test chemical,EPAPLT0121A08,7,30,uM,TC00000201_L23,TC00000201,L23,1_EPAPLT0121A08_7,OK
CV,1,c2018-10-14,1,LAB-000005,test chemical,EPAPLT0121A08,8,100,uM,TC00000201_L04,TC00000201,L04,1_EPAPLT0121A08_8,OK
CV,1,c2018-10-14,1,LAB-000005,test chemical,EPAPLT0121A09,1,0.0299,uM,TC00000201_I19,TC00000201,I19,1_EPAPLT0121A09_1,OK
CV,1,c2018-10-14,1,LAB-000005,test chemical,EPAPLT0121A09,2,0.1,uM,TC00000201_L02,TC00000201,L02,1_EPAPLT0121A09_2,OK
CV,1,c2018-10-14,1,LAB-000005,test chemical,EPAPLT0121A09,3,0.3,uM,TC00000201_O18,TC00000201,O18,1_EPAPLT0121A09_3,OK
CV,1,c2018-10-14,1,LAB-000005,test chemical,EPAPLT0121A09,4,1,uM,TC00000201_O08,TC00000201,O08,1_EPAPLT0121A09_4,OK
CV,1,c2018-10-14,1,LAB-000005,test chemical,EPAPLT0121A09,5,3,uM,TC00000201_J02,TC00000201,J02,1_EPAPLT0121A09_5,OK
CV,1,c2018-10-14,1,LAB-000005,test chemical,EPAPLT0121A09,6,10,uM,TC00000201_I06,TC00000201,I06,1_EPAPLT0121A09_6,OK
CV,1,c2018-10-14,1,LAB-000005,test chemical,EPAPLT0121A09,7,30,uM,TC00000201_P22,TC00000201,P22,1_EPAPLT0121A09_7,OK
CV,1,c2018-10-14,1,LAB-000005,test chemical,EPAPLT0121A09,8,100,uM,TC00000201_I24,TC00000201,I24,1_EPAPLT0121A09_8,OK
CV,1,c2018-10-14,1,LAB-000005,test chemical,EPAPLT0121A10,1,0.0299,uM,TC00000201_N10,TC00000201,N10,1_EPAPLT0121A10_1,OK
CV,1,c2018-10-14,1,LAB-000005,test chemical,EPAPLT0121A10,2,0.1,uM,TC00000201_H07,TC00000201,H07,1_EPAPLT0121A10_2,OK
CV,1,c2018-10-14,1,LAB-000005,test chemical,EPAPLT0121A10,3,0.3,uM,TC00000201_L01,TC00000201,L01,1_EPAPLT0121A10_3,OK
CV,1,c2018-10-14,1,LAB-000005,test chemical,EPAPLT0121A10,4,1,uM,TC00000201_J24,TC00000201,J24,1_EPAPLT0121A10_4,OK
CV,1,c2018-10-14,1,LAB-000005,test chemical,EPAPLT0121A10,5,3,uM,TC00000201_K01,TC00000201,K01,1_EPAPLT0121A10_5,OK
CV,1,c2018-10-14,1,LAB-000005,test chemical,EPAPLT0121A10,6,10,uM,TC00000201_G22,TC00000201,G22,1_EPAPLT0121A10_6,OK
CV,1,c2018-10-14,1,LAB-000005,test chemical,EPAPLT0121A10,7,30,uM,TC00000201_N05,TC00000201,N05,1_EPAPLT0121A10_7,OK
CV,1,c2018-10-14,1,LAB-000005,test chemical,EPAPLT0121A10,8,100,uM,TC00000201_N23,TC00000201,N23,1_EPAPLT0121A10_8,OK
CV,1,c2018-10-14,1,LAB-000005,test chemical,EPAPLT0121A11,1,0.0299,uM,TC00000201_J17,TC00000201,J17,1_EPAPLT0121A11_1,OK
CV,1,c2018-10-14,1,LAB-000005,test chemical,EPAPLT0121A11,2,0.1,uM,TC00000201_G02,TC00000201,G02,1_EPAPLT0121A11_2,OK
CV,1,c2018-10-14,1,LAB-000005,test chemical,EPAPLT0121A11,3,0.3,uM,TC00000201_I20,TC00000201,I20,1_EPAPLT0121A11_3,OK
CV,1,c2018-10-14,1,LAB-000005,test chemical,EPAPLT0121A11,4,1,uM,TC00000201_H10,TC00000201,H10,1_EPAPLT0121A11_4,OK
CV,1,c2018-10-14,1,LAB-000005,test chemical,EPAPLT0121A11,5,3,uM,TC00000201_G08,TC00000201,G08,1_EPAPLT0121A11_5,OK
CV,1,c2018-10-14,1,LAB-000005,test chemical,EPAPLT0121A11,6,10,uM,TC00000201_C16,TC00000201,C16,1_EPAPLT0121A11_6,OK
CV,1,c2018-10-14,1,LAB-000005,test chemical,EPAPLT0121A11,7,30,uM,TC00000201_H08,TC00000201,H08,1_EPAPLT0121A11_7,OK
CV,1,c2018-10-14,1,LAB-000005,test chemical,EPAPLT0121A11,8,100,uM,TC00000201_G20,TC00000201,G20,1_EPAPLT0121A11_8,OK
CV,1,c2018-10-14,1,LAB-000005,test chemical,EPAPLT0121A12,1,0.0299,uM,TC00000201_G10,TC00000201,G10,1_EPAPLT0121A12_1,OK
CV,1,c2018-10-14,1,LAB-000005,test chemical,EPAPLT0121A12,2,0.1,uM,TC00000201_I11,TC00000201,I11,1_EPAPLT0121A12_2,OK
CV,1,c2018-10-14,1,LAB-000005,test chemical,EPAPLT0121A12,3,0.3,uM,TC00000201_H15,TC00000201,H15,1_EPAPLT0121A12_3,OK
CV,1,c2018-10-14,1,LAB-000005,test chemical,EPAPLT0121A12,4,1,uM,TC00000201_I02,TC00000201,I02,1_EPAPLT0121A12_4,OK
CV,1,c2018-10-14,1,LAB-000005,test chemical,EPAPLT0121A12,5,3,uM,TC00000201_P21,TC00000201,P21,1_EPAPLT0121A12_5,OK
CV,1,c2018-10-14,1,LAB-000005,test chemical,EPAPLT0121A12,6,10,uM,TC00000201_L05,TC00000201,L05,1_EPAPLT0121A12_6,OK
CV,1,c2018-10-14,1,LAB-000005,test chemical,EPAPLT0121A12,7,30,uM,TC00000201_J04,TC00000201,J04,1_EPAPLT0121A12_7,OK
CV,1,c2018-10-14,1,LAB-000005,test chemical,EPAPLT0121A12,8,100,uM,TC00000201_K10,TC00000201,K10,1_EPAPLT0121A12_8,OK
CV,1,c2018-10-14,1,LAB-000005,test chemical,EPAPLT0121A13,1,0.0299,uM,TC00000201_F12,TC00000201,F12,1_EPAPLT0121A13_1,OK
CV,1,c2018-10-14,1,LAB-000005,test chemical,EPAPLT0121A13,2,0.1,uM,TC00000201_M17,TC00000201,M17,1_EPAPLT0121A13_2,OK
CV,1,c2018-10-14,1,LAB-000005,test chemical,EPAPLT0121A13,3,0.3,uM,TC00000201_N20,TC00000201,N20,1_EPAPLT0121A13_3,OK
CV,1,c2018-10-14,1,LAB-000005,test chemical,EPAPLT0121A13,4,1,uM,TC00000201_M08,TC00000201,M08,1_EPAPLT0121A13_4,OK
CV,1,c2018-10-14,1,LAB-000005,test chemical,EPAPLT0121A13,5,3,uM,TC00000201_O15,TC00000201,O15,1_EPAPLT0121A13_5,OK
CV,1,c2018-10-14,1,LAB-000005,test chemical,EPAPLT0121A13,6,10,uM,TC00000201_A06,TC00000201,A06,1_EPAPLT0121A13_6,OK
CV,1,c2018-10-14,1,LAB-000005,test chemical,EPAPLT0121A13,7,30,uM,TC00000201_K12,TC00000201,K12,1_EPAPLT0121A13_7,OK
CV,1,c2018-10-14,1,LAB-000005,test chemical,EPAPLT0121A13,8,100,uM,TC00000201_K24,TC00000201,K24,1_EPAPLT0121A13_8,OK
CV,1,c2018-10-14,1,LAB-000005,test chemical,EPAPLT0121A14,1,0.0299,uM,TC00000201_B13,TC00000201,B13,1_EPAPLT0121A14_1,OK
CV,1,c2018-10-14,1,LAB-000005,test chemical,EPAPLT0121A14,2,0.1,uM,TC00000201_J19,TC00000201,J19,1_EPAPLT0121A14_2,OK
CV,1,c2018-10-14,1,LAB-000005,test chemical,EPAPLT0121A14,3,0.3,uM,TC00000201_H20,TC00000201,H20,1_EPAPLT0121A14_3,OK
CV,1,c2018-10-14,1,LAB-000005,test chemical,EPAPLT0121A14,4,1,uM,TC00000201_F24,TC00000201,F24,1_EPAPLT0121A14_4,OK
CV,1,c2018-10-14,1,LAB-000005,test chemical,EPAPLT0121A14,5,3,uM,TC00000201_F13,TC00000201,F13,1_EPAPLT0121A14_5,OK
CV,1,c2018-10-14,1,LAB-000005,test chemical,EPAPLT0121A14,6,10,uM,TC00000201_J07,TC00000201,J07,1_EPAPLT0121A14_6,OK
CV,1,c2018-10-14,1,LAB-000005,test chemical,EPAPLT0121A14,7,30,uM,TC00000201_I23,TC00000201,I23,1_EPAPLT0121A14_7,OK
CV,1,c2018-10-14,1,LAB-000005,test chemical,EPAPLT0121A14,8,100,uM,TC00000201_B06,TC00000201,B06,1_EPAPLT0121A14_8,OK
CV,1,c2018-10-14,1,LAB-000005,test chemical,EPAPLT0121A15,1,0.0299,uM,TC00000201_D12,TC00000201,D12,1_EPAPLT0121A15_1,OK
CV,1,c2018-10-14,1,LAB-000005,test chemical,EPAPLT0121A15,2,0.1,uM,TC00000201_L14,TC00000201,L14,1_EPAPLT0121A15_2,OK
CV,1,c2018-10-14,1,LAB-000005,test chemical,EPAPLT0121A15,3,0.3,uM,TC00000201_D11,TC00000201,D11,1_EPAPLT0121A15_3,OK
CV,1,c2018-10-14,1,LAB-000005,test chemical,EPAPLT0121A15,4,1,uM,TC00000201_D03,TC00000201,D03,1_EPAPLT0121A15_4,OK
CV,1,c2018-10-14,1,LAB-000005,test chemical,EPAPLT0121A15,5,3,uM,TC00000201_D05,TC00000201,D05,1_EPAPLT0121A15_5,OK
CV,1,c2018-10-14,1,LAB-000005,test chemical,EPAPLT0121A15,6,10,uM,TC00000201_K03,TC00000201,K03,1_EPAPLT0121A15_6,OK
CV,1,c2018-10-14,1,LAB-000005,test chemical,EPAPLT0121A15,7,30,uM,TC00000201_E07,TC00000201,E07,1_EPAPLT0121A15_7,OK
CV,1,c2018-10-14,1,LAB-000005,test chemical,EPAPLT0121A15,8,100,uM,TC00000201_M06,TC00000201,M06,1_EPAPLT0121A15_8,OK
CV,1,c2018-10-14,1,LAB-000005,test chemical,EPAPLT0121A16,1,0.0299,uM,TC00000201_F22,TC00000201,F22,1_EPAPLT0121A16_1,OK
CV,1,c2018-10-14,1,LAB-000005,test chemical,EPAPLT0121A16,2,0.1,uM,TC00000201_C05,TC00000201,C05,1_EPAPLT0121A16_2,OK
CV,1,c2018-10-14,1,LAB-000005,test chemical,EPAPLT0121A16,3,0.3,uM,TC00000201_G03,TC00000201,G03,1_EPAPLT0121A16_3,OK
CV,1,c2018-10-14,1,LAB-000005,test chemical,EPAPLT0121A16,4,1,uM,TC00000201_O11,TC00000201,O11,1_EPAPLT0121A16_4,OK
CV,1,c2018-10-14,1,LAB-000005,test chemical,EPAPLT0121A16,5,3,uM,TC00000201_C19,TC00000201,C19,1_EPAPLT0121A16_5,OK
CV,1,c2018-10-14,1,LAB-000005,test chemical,EPAPLT0121A16,6,10,uM,TC00000201_K22,TC00000201,K22,1_EPAPLT0121A16_6,OK
CV,1,c2018-10-14,1,LAB-000005,test chemical,EPAPLT0121A16,7,30,uM,TC00000201_H13,TC00000201,H13,1_EPAPLT0121A16_7,OK
CV,1,c2018-10-14,1,LAB-000005,test chemical,EPAPLT0121A16,8,100,uM,TC00000201_E05,TC00000201,E05,1_EPAPLT0121A16_8,OK
CV,1,c2018-10-14,1,LAB-000005,test chemical,EPAPLT0121A17,1,0.0299,uM,TC00000201_M03,TC00000201,M03,1_EPAPLT0121A17_1,OK
CV,1,c2018-10-14,1,LAB-000005,test chemical,EPAPLT0121A17,2,0.1,uM,TC00000201_H02,TC00000201,H02,1_EPAPLT0121A17_2,OK
CV,1,c2018-10-14,1,LAB-000005,test chemical,EPAPLT0121A17,3,0.3,uM,TC00000201_L09,TC00000201,L09,1_EPAPLT0121A17_3,OK
CV,1,c2018-10-14,1,LAB-000005,test chemical,EPAPLT0121A17,4,1,uM,TC00000201_M19,TC00000201,M19,1_EPAPLT0121A17_4,OK
CV,1,c2018-10-14,1,LAB-000005,test chemical,EPAPLT0121A17,5,3,uM,TC00000201_L11,TC00000201,L11,1_EPAPLT0121A17_5,OK
CV,1,c2018-10-14,1,LAB-000005,test chemical,EPAPLT0121A17,6,10,uM,TC00000201_H05,TC00000201,H05,1_EPAPLT0121A17_6,OK
CV,1,c2018-10-14,1,LAB-000005,test chemical,EPAPLT0121A17,7,30,uM,TC00000201_G21,TC00000201,G21,1_EPAPLT0121A17_7,OK
CV,1,c2018-10-14,1,LAB-000005,test chemical,EPAPLT0121A17,8,100,uM,TC00000201_C02,TC00000201,C02,1_EPAPLT0121A17_8,OK
CV,1,c2018-10-14,1,LAB-000005,test chemical,EPAPLT0121A18,1,0.00322,uM,TC00000201_P07,TC00000201,P07,1_EPAPLT0121A18_1,OK
CV,1,c2018-10-14,1,LAB-000005,test chemical,EPAPLT0121A18,2,0.0108,uM,TC00000201_D23,TC00000201,D23,1_EPAPLT0121A18_2,OK
CV,1,c2018-10-14,1,LAB-000005,test chemical,EPAPLT0121A18,3,0.0323,uM,TC00000201_P20,TC00000201,P20,1_EPAPLT0121A18_3,OK
CV,1,c2018-10-14,1,LAB-000005,test chemical,EPAPLT0121A18,4,0.108,uM,TC00000201_E01,TC00000201,E01,1_EPAPLT0121A18_4,OK
CV,1,c2018-10-14,1,LAB-000005,test chemical,EPAPLT0121A18,5,0.323,uM,TC00000201_B18,TC00000201,B18,1_EPAPLT0121A18_5,OK
CV,1,c2018-10-14,1,LAB-000005,test chemical,EPAPLT0121A18,6,1.08,uM,TC00000201_M07,TC00000201,M07,1_EPAPLT0121A18_6,OK
CV,1,c2018-10-14,1,LAB-000005,test chemical,EPAPLT0121A18,7,3.23,uM,TC00000201_C21,TC00000201,C21,1_EPAPLT0121A18_7,OK
CV,1,c2018-10-14,1,LAB-000005,test chemical,EPAPLT0121A18,8,10.8,uM,TC00000201_H03,TC00000201,H03,1_EPAPLT0121A18_8,OK
CV,1,c2018-10-14,1,LAB-000005,test chemical,EPAPLT0121A19,1,0.0299,uM,TC00000201_H06,TC00000201,H06,1_EPAPLT0121A19_1,OK
CV,1,c2018-10-14,1,LAB-000005,test chemical,EPAPLT0121A19,2,0.0999,uM,TC00000201_F08,TC00000201,F08,1_EPAPLT0121A19_2,OK
CV,1,c2018-10-14,1,LAB-000005,test chemical,EPAPLT0121A19,3,0.3,uM,TC00000201_F09,TC00000201,F09,1_EPAPLT0121A19_3,OK
CV,1,c2018-10-14,1,LAB-000005,test chemical,EPAPLT0121A19,4,0.999,uM,TC00000201_P01,TC00000201,P01,1_EPAPLT0121A19_4,OK
CV,1,c2018-10-14,1,LAB-000005,test chemical,EPAPLT0121A19,5,3,uM,TC00000201_B22,TC00000201,B22,1_EPAPLT0121A19_5,OK
CV,1,c2018-10-14,1,LAB-000005,test chemical,EPAPLT0121A19,6,9.99,uM,TC00000201_D15,TC00000201,D15,1_EPAPLT0121A19_6,OK
CV,1,c2018-10-14,1,LAB-000005,test chemical,EPAPLT0121A19,7,30,uM,TC00000201_D06,TC00000201,D06,1_EPAPLT0121A19_7,OK
CV,1,c2018-10-14,1,LAB-000005,test chemical,EPAPLT0121A19,8,99.9,uM,TC00000201_K05,TC00000201,K05,1_EPAPLT0121A19_8,OK
CV,1,c2018-10-14,1,LAB-000005,test chemical,EPAPLT0121A20,1,0.0299,uM,TC00000201_F19,TC00000201,F19,1_EPAPLT0121A20_1,OK
CV,1,c2018-10-14,1,LAB-000005,test chemical,EPAPLT0121A20,2,0.1,uM,TC00000201_I14,TC00000201,I14,1_EPAPLT0121A20_2,OK
CV,1,c2018-10-14,1,LAB-000005,test chemical,EPAPLT0121A20,3,0.3,uM,TC00000201_G07,TC00000201,G07,1_EPAPLT0121A20_3,OK
CV,1,c2018-10-14,1,LAB-000005,test chemical,EPAPLT0121A20,4,1,uM,TC00000201_O13,TC00000201,O13,1_EPAPLT0121A20_4,OK
CV,1,c2018-10-14,1,LAB-000005,test chemical,EPAPLT0121A20,5,3,uM,TC00000201_D04,TC00000201,D04,1_EPAPLT0121A20_5,OK
CV,1,c2018-10-14,1,LAB-000005,test chemical,EPAPLT0121A20,6,10,uM,TC00000201_D13,TC00000201,D13,1_EPAPLT0121A20_6,OK
CV,1,c2018-10-14,1,LAB-000005,test chemical,EPAPLT0121A20,7,30,uM,TC00000201_H24,TC00000201,H24,1_EPAPLT0121A20_7,OK
CV,1,c2018-10-14,1,LAB-000005,test chemical,EPAPLT0121A20,8,100,uM,TC00000201_I18,TC00000201,I18,1_EPAPLT0121A20_8,OK
CV,1,c2018-10-14,1,LAB-000005,test chemical,EPAPLT0121A21,1,0.0299,uM,TC00000201_P04,TC00000201,P04,1_EPAPLT0121A21_1,OK
CV,1,c2018-10-14,1,LAB-000005,test chemical,EPAPLT0121A21,2,0.1,uM,TC00000201_F16,TC00000201,F16,1_EPAPLT0121A21_2,OK
CV,1,c2018-10-14,1,LAB-000005,test chemical,EPAPLT0121A21,3,0.3,uM,TC00000201_D19,TC00000201,D19,1_EPAPLT0121A21_3,OK
CV,1,c2018-10-14,1,LAB-000005,test chemical,EPAPLT0121A21,4,1,uM,TC00000201_C11,TC00000201,C11,1_EPAPLT0121A21_4,OK
CV,1,c2018-10-14,1,LAB-000005,test chemical,EPAPLT0121A21,5,3,uM,TC00000201_L12,TC00000201,L12,1_EPAPLT0121A21_5,OK
CV,1,c2018-10-14,1,LAB-000005,test chemical,EPAPLT0121A21,6,10,uM,TC00000201_C12,TC00000201,C12,1_EPAPLT0121A21_6,OK
CV,1,c2018-10-14,1,LAB-000005,test chemical,EPAPLT0121A21,7,30,uM,TC00000201_G17,TC00000201,G17,1_EPAPLT0121A21_7,OK
CV,1,c2018-10-14,1,LAB-000005,test chemical,EPAPLT0121A21,8,100,uM,TC00000201_I15,TC00000201,I15,1_EPAPLT0121A21_8,OK
CV,1,c2018-10-14,1,LAB-000005,test chemical,EPAPLT0121A22,1,0.0299,uM,TC00000201_C10,TC00000201,C10,1_EPAPLT0121A22_1,OK
CV,1,c2018-10-14,1,LAB-000005,test chemical,EPAPLT0121A22,2,0.1,uM,TC00000201_P12,TC00000201,P12,1_EPAPLT0121A22_2,OK
CV,1,c2018-10-14,1,LAB-000005,test chemical,EPAPLT0121A22,3,0.3,uM,TC00000201_N06,TC00000201,N06,1_EPAPLT0121A22_3,OK
CV,1,c2018-10-14,1,LAB-000005,test chemical,EPAPLT0121A22,4,1,uM,TC00000201_G16,TC00000201,G16,1_EPAPLT0121A22_4,OK
CV,1,c2018-10-14,1,LAB-000005,test chemical,EPAPLT0121A22,5,3,uM,TC00000201_C07,TC00000201,C07,1_EPAPLT0121A22_5,OK
CV,1,c2018-10-14,1,LAB-000005,test chemical,EPAPLT0121A22,6,10,uM,TC00000201_I16,TC00000201,I16,1_EPAPLT0121A22_6,OK
CV,1,c2018-10-14,1,LAB-000005,test chemical,EPAPLT0121A22,7,30,uM,TC00000201_J15,TC00000201,J15,1_EPAPLT0121A22_7,OK
CV,1,c2018-10-14,1,LAB-000005,test chemical,EPAPLT0121A22,8,100,uM,TC00000201_L24,TC00000201,L24,1_EPAPLT0121A22_8,OK
CV,1,c2018-10-14,1,LAB-000005,test chemical,EPAPLT0121A23,1,0.0299,uM,TC00000201_F02,TC00000201,F02,1_EPAPLT0121A23_1,OK
CV,1,c2018-10-14,1,LAB-000005,test chemical,EPAPLT0121A23,2,0.1,uM,TC00000201_B21,TC00000201,B21,1_EPAPLT0121A23_2,OK
CV,1,c2018-10-14,1,LAB-000005,test chemical,EPAPLT0121A23,3,0.3,uM,TC00000201_L16,TC00000201,L16,1_EPAPLT0121A23_3,OK
CV,1,c2018-10-14,1,LAB-000005,test chemical,EPAPLT0121A23,4,1,uM,TC00000201_O05,TC00000201,O05,1_EPAPLT0121A23_4,OK
CV,1,c2018-10-14,1,LAB-000005,test chemical,EPAPLT0121A23,5,3,uM,TC00000201_M21,TC00000201,M21,1_EPAPLT0121A23_5,OK
CV,1,c2018-10-14,1,LAB-000005,test chemical,EPAPLT0121A23,6,10,uM,TC00000201_A09,TC00000201,A09,1_EPAPLT0121A23_6,OK
CV,1,c2018-10-14,1,LAB-000005,test chemical,EPAPLT0121A23,7,30,uM,TC00000201_L13,TC00000201,L13,1_EPAPLT0121A23_7,OK
CV,1,c2018-10-14,1,LAB-000005,test chemical,EPAPLT0121A23,8,100,uM,TC00000201_F11,TC00000201,F11,1_EPAPLT0121A23_8,OK
CV,1,c2018-10-14,1,LAB-000005,test chemical,EPAPLT0121A24,1,0.0299,uM,TC00000201_L15,TC00000201,L15,1_EPAPLT0121A24_1,OK
CV,1,c2018-10-14,1,LAB-000005,test chemical,EPAPLT0121A24,2,0.1,uM,TC00000201_G04,TC00000201,G04,1_EPAPLT0121A24_2,OK
CV,1,c2018-10-14,1,LAB-000005,test chemical,EPAPLT0121A24,3,0.3,uM,TC00000201_D01,TC00000201,D01,1_EPAPLT0121A24_3,OK
CV,1,c2018-10-14,1,LAB-000005,test chemical,EPAPLT0121A24,4,1,uM,TC00000201_N12,TC00000201,N12,1_EPAPLT0121A24_4,OK
CV,1,c2018-10-14,1,LAB-000005,test chemical,EPAPLT0121A24,5,3,uM,TC00000201_M20,TC00000201,M20,1_EPAPLT0121A24_5,OK
CV,1,c2018-10-14,1,LAB-000005,test chemical,EPAPLT0121A24,6,10,uM,TC00000201_C06,TC00000201,C06,1_EPAPLT0121A24_6,OK
CV,1,c2018-10-14,1,LAB-000005,test chemical,EPAPLT0121A24,7,30,uM,TC00000201_P17,TC00000201,P17,1_EPAPLT0121A24_7,OK
CV,1,c2018-10-14,1,LAB-000005,test chemical,EPAPLT0121A24,8,100,uM,TC00000201_A12,TC00000201,A12,1_EPAPLT0121A24_8,OK
CV,1,c2018-10-14,1,LAB-000005,test chemical,EPAPLT0121B01,1,0.0299,uM,TC00000201_F03,TC00000201,F03,1_EPAPLT0121B01_1,OK
CV,1,c2018-10-14,1,LAB-000005,test chemical,EPAPLT0121B01,2,0.1,uM,TC00000201_J14,TC00000201,J14,1_EPAPLT0121B01_2,OK
CV,1,c2018-10-14,1,LAB-000005,test chemical,EPAPLT0121B01,3,0.3,uM,TC00000201_B20,TC00000201,B20,1_EPAPLT0121B01_3,OK
CV,1,c2018-10-14,1,LAB-000005,test chemical,EPAPLT0121B01,4,1,uM,TC00000201_O04,TC00000201,O04,1_EPAPLT0121B01_4,OK
CV,1,c2018-10-14,1,LAB-000005,test chemical,EPAPLT0121B01,5,3,uM,TC00000201_O16,TC00000201,O16,1_EPAPLT0121B01_5,OK
CV,1,c2018-10-14,1,LAB-000005,test chemical,EPAPLT0121B01,6,10,uM,TC00000201_K17,TC00000201,K17,1_EPAPLT0121B01_6,OK
CV,1,c2018-10-14,1,LAB-000005,test chemical,EPAPLT0121B01,7,30,uM,TC00000201_H23,TC00000201,H23,1_EPAPLT0121B01_7,OK
CV,1,c2018-10-14,1,LAB-000005,test chemical,EPAPLT0121B01,8,100,uM,TC00000201_F17,TC00000201,F17,1_EPAPLT0121B01_8,OK
CV,1,c2018-10-14,1,LAB-000005,test chemical,EPAPLT0121B02,1,0.0299,uM,TC00000201_E22,TC00000201,E22,1_EPAPLT0121B02_1,OK
CV,1,c2018-10-14,1,LAB-000005,test chemical,EPAPLT0121B02,2,0.1,uM,TC00000201_E04,TC00000201,E04,1_EPAPLT0121B02_2,OK
CV,1,c2018-10-14,1,LAB-000005,test chemical,EPAPLT0121B02,3,0.3,uM,TC00000201_M16,TC00000201,M16,1_EPAPLT0121B02_3,OK
CV,1,c2018-10-14,1,LAB-000005,test chemical,EPAPLT0121B02,4,1,uM,TC00000201_C22,TC00000201,C22,1_EPAPLT0121B02_4,OK
CV,1,c2018-10-14,1,LAB-000005,test chemical,EPAPLT0121B02,5,3,uM,TC00000201_E23,TC00000201,E23,1_EPAPLT0121B02_5,OK
CV,1,c2018-10-14,1,LAB-000005,test chemical,EPAPLT0121B02,6,10,uM,TC00000201_E11,TC00000201,E11,1_EPAPLT0121B02_6,OK
CV,1,c2018-10-14,1,LAB-000005,test chemical,EPAPLT0121B02,7,30,uM,TC00000201_A18,TC00000201,A18,1_EPAPLT0121B02_7,OK
CV,1,c2018-10-14,1,LAB-000005,test chemical,EPAPLT0121B02,8,100,uM,TC00000201_L03,TC00000201,L03,1_EPAPLT0121B02_8,OK
CV,1,c2018-10-14,1,LAB-000005,test chemical,EPAPLT0121B03,1,0.0299,uM,TC00000201_H18,TC00000201,H18,1_EPAPLT0121B03_1,OK
CV,1,c2018-10-14,1,LAB-000005,test chemical,EPAPLT0121B03,2,0.1,uM,TC00000201_A22,TC00000201,A22,1_EPAPLT0121B03_2,OK
CV,1,c2018-10-14,1,LAB-000005,test chemical,EPAPLT0121B03,3,0.3,uM,TC00000201_C13,TC00000201,C13,1_EPAPLT0121B03_3,OK
CV,1,c2018-10-14,1,LAB-000005,test chemical,EPAPLT0121B03,4,1,uM,TC00000201_A10,TC00000201,A10,1_EPAPLT0121B03_4,OK
CV,1,c2018-10-14,1,LAB-000005,test chemical,EPAPLT0121B03,5,3,uM,TC00000201_C08,TC00000201,C08,1_EPAPLT0121B03_5,OK
CV,1,c2018-10-14,1,LAB-000005,test chemical,EPAPLT0121B03,6,10,uM,TC00000201_K06,TC00000201,K06,1_EPAPLT0121B03_6,OK
CV,1,c2018-10-14,1,LAB-000005,test chemical,EPAPLT0121B03,7,30,uM,TC00000201_J16,TC00000201,J16,1_EPAPLT0121B03_7,OK
CV,1,c2018-10-14,1,LAB-000005,test chemical,EPAPLT0121B03,8,100,uM,TC00000201_N13,TC00000201,N13,1_EPAPLT0121B03_8,OK
CV,1,c2018-10-14,1,LAB-000005,test chemical,EPAPLT0121B04,1,0.0299,uM,TC00000201_E21,TC00000201,E21,1_EPAPLT0121B04_1,OK
CV,1,c2018-10-14,1,LAB-000005,test chemical,EPAPLT0121B04,2,0.1,uM,TC00000201_J20,TC00000201,J20,1_EPAPLT0121B04_2,OK
CV,1,c2018-10-14,1,LAB-000005,test chemical,EPAPLT0121B04,3,0.3,uM,TC00000201_A15,TC00000201,A15,1_EPAPLT0121B04_3,OK
CV,1,c2018-10-14,1,LAB-000005,test chemical,EPAPLT0121B04,4,1,uM,TC00000201_O24,TC00000201,O24,1_EPAPLT0121B04_4,OK
CV,1,c2018-10-14,1,LAB-000005,test chemical,EPAPLT0121B04,5,3,uM,TC00000201_C09,TC00000201,C09,1_EPAPLT0121B04_5,OK
CV,1,c2018-10-14,1,LAB-000005,test chemical,EPAPLT0121B04,6,10,uM,TC00000201_B07,TC00000201,B07,1_EPAPLT0121B04_6,OK
CV,1,c2018-10-14,1,LAB-000005,test chemical,EPAPLT0121B04,7,30,uM,TC00000201_J21,TC00000201,J21,1_EPAPLT0121B04_7,OK
CV,1,c2018-10-14,1,LAB-000005,test chemical,EPAPLT0121B04,8,100,uM,TC00000201_M15,TC00000201,M15,1_EPAPLT0121B04_8,OK
CV,1,c2018-10-14,1,LAB-000005,test chemical,EPAPLT0121B05,1,0.0299,uM,TC00000201_G19,TC00000201,G19,1_EPAPLT0121B05_1,OK
CV,1,c2018-10-14,1,LAB-000005,test chemical,EPAPLT0121B05,2,0.1,uM,TC00000201_F20,TC00000201,F20,1_EPAPLT0121B05_2,OK
CV,1,c2018-10-14,1,LAB-000005,test chemical,EPAPLT0121B05,3,0.3,uM,TC00000201_J22,TC00000201,J22,1_EPAPLT0121B05_3,OK
CV,1,c2018-10-14,1,LAB-000005,test chemical,EPAPLT0121B05,4,1,uM,TC00000201_E12,TC00000201,E12,1_EPAPLT0121B05_4,OK
CV,1,c2018-10-14,1,LAB-000005,test chemical,EPAPLT0121B05,5,3,uM,TC00000201_B11,TC00000201,B11,1_EPAPLT0121B05_5,OK
CV,1,c2018-10-14,1,LAB-000005,test chemical,EPAPLT0121B05,6,10,uM,TC00000201_I09,TC00000201,I09,1_EPAPLT0121B05_6,OK
CV,1,c2018-10-14,1,LAB-000005,test chemical,EPAPLT0121B05,7,30,uM,TC00000201_M18,TC00000201,M18,1_EPAPLT0121B05_7,OK
CV,1,c2018-10-14,1,LAB-000005,test chemical,EPAPLT0121B05,8,100,uM,TC00000201_D02,TC00000201,D02,1_EPAPLT0121B05_8,OK
CV,1,c2018-10-14,1,LAB-000005,test chemical,EPAPLT0121B06,1,0.0299,uM,TC00000201_A14,TC00000201,A14,1_EPAPLT0121B06_1,OK
CV,1,c2018-10-14,1,LAB-000005,test chemical,EPAPLT0121B06,2,0.1,uM,TC00000201_D14,TC00000201,D14,1_EPAPLT0121B06_2,OK
CV,1,c2018-10-14,1,LAB-000005,test chemical,EPAPLT0121B06,3,0.3,uM,TC00000201_B04,TC00000201,B04,1_EPAPLT0121B06_3,OK
CV,1,c2018-10-14,1,LAB-000005,test chemical,EPAPLT0121B06,4,1,uM,TC00000201_C18,TC00000201,C18,1_EPAPLT0121B06_4,OK
CV,1,c2018-10-14,1,LAB-000005,test chemical,EPAPLT0121B06,5,3,uM,TC00000201_B16,TC00000201,B16,1_EPAPLT0121B06_5,OK
CV,1,c2018-10-14,1,LAB-000005,test chemical,EPAPLT0121B06,6,10,uM,TC00000201_A20,TC00000201,A20,1_EPAPLT0121B06_6,OK
CV,1,c2018-10-14,1,LAB-000005,test chemical,EPAPLT0121B06,7,30,uM,TC00000201_A24,TC00000201,A24,1_EPAPLT0121B06_7,OK
CV,1,c2018-10-14,1,LAB-000005,test chemical,EPAPLT0121B06,8,100,uM,TC00000201_A23,TC00000201,A23,1_EPAPLT0121B06_8,OK
CV,1,c2018-10-14,1,LAB-000005,test chemical,EPAPLT0121B07,1,0.0299,uM,TC00000201_F21,TC00000201,F21,1_EPAPLT0121B07_1,OK
CV,1,c2018-10-14,1,LAB-000005,test chemical,EPAPLT0121B07,2,0.1,uM,TC00000201_H04,TC00000201,H04,1_EPAPLT0121B07_2,OK
CV,1,c2018-10-14,1,LAB-000005,test chemical,EPAPLT0121B07,3,0.3,uM,TC00000201_I01,TC00000201,I01,1_EPAPLT0121B07_3,OK
CV,1,c2018-10-14,1,LAB-000005,test chemical,EPAPLT0121B07,4,1,uM,TC00000201_A16,TC00000201,A16,1_EPAPLT0121B07_4,OK
CV,1,c2018-10-14,1,LAB-000005,test chemical,EPAPLT0121B07,5,3,uM,TC00000201_A19,TC00000201,A19,1_EPAPLT0121B07_5,OK
CV,1,c2018-10-14,1,LAB-000005,test chemical,EPAPLT0121B07,6,10,uM,TC00000201_J10,TC00000201,J10,1_EPAPLT0121B07_6,OK
CV,1,c2018-10-14,1,LAB-000005,test chemical,EPAPLT0121B07,7,30,uM,TC00000201_K18,TC00000201,K18,1_EPAPLT0121B07_7,OK
CV,1,c2018-10-14,1,LAB-000005,test chemical,EPAPLT0121B07,8,100,uM,TC00000201_E06,TC00000201,E06,1_EPAPLT0121B07_8,OK
CV,1,c2018-10-14,1,LAB-000005,test chemical,EPAPLT0121B08,1,0.0299,uM,TC00000201_L06,TC00000201,L06,1_EPAPLT0121B08_1,OK
CV,1,c2018-10-14,1,LAB-000005,test chemical,EPAPLT0121B08,2,0.1,uM,TC00000201_N17,TC00000201,N17,1_EPAPLT0121B08_2,OK
CV,1,c2018-10-14,1,LAB-000005,test chemical,EPAPLT0121B08,3,0.3,uM,TC00000201_E03,TC00000201,E03,1_EPAPLT0121B08_3,OK
CV,1,c2018-10-14,1,LAB-000005,test chemical,EPAPLT0121B08,4,1,uM,TC00000201_F18,TC00000201,F18,1_EPAPLT0121B08_4,OK
CV,1,c2018-10-14,1,LAB-000005,test chemical,EPAPLT0121B08,5,3,uM,TC00000201_K21,TC00000201,K21,1_EPAPLT0121B08_5,OK
CV,1,c2018-10-14,1,LAB-000005,test chemical,EPAPLT0121B08,6,10,uM,TC00000201_P18,TC00000201,P18,1_EPAPLT0121B08_6,OK
CV,1,c2018-10-14,1,LAB-000005,test chemical,EPAPLT0121B08,7,30,uM,TC00000201_M01,TC00000201,M01,1_EPAPLT0121B08_7,OK
CV,1,c2018-10-14,1,LAB-000005,test chemical,EPAPLT0121B08,8,100,uM,TC00000201_D16,TC00000201,D16,1_EPAPLT0121B08_8,OK
CV,1,c2018-10-14,1,LAB-000005,test chemical,EPAPLT0121B09,1,0.0299,uM,TC00000201_A11,TC00000201,A11,1_EPAPLT0121B09_1,OK
CV,1,c2018-10-14,1,LAB-000005,test chemical,EPAPLT0121B09,2,0.1,uM,TC00000201_N07,TC00000201,N07,1_EPAPLT0121B09_2,OK
CV,1,c2018-10-14,1,LAB-000005,test chemical,EPAPLT0121B09,3,0.3,uM,TC00000201_O02,TC00000201,O02,1_EPAPLT0121B09_3,OK
CV,1,c2018-10-14,1,LAB-000005,test chemical,EPAPLT0121B09,4,1,uM,TC00000201_G09,TC00000201,G09,1_EPAPLT0121B09_4,OK
CV,1,c2018-10-14,1,LAB-000005,test chemical,EPAPLT0121B09,5,3,uM,TC00000201_P03,TC00000201,P03,1_EPAPLT0121B09_5,OK
CV,1,c2018-10-14,1,LAB-000005,test chemical,EPAPLT0121B09,6,10,uM,TC00000201_F14,TC00000201,F14,1_EPAPLT0121B09_6,OK
CV,1,c2018-10-14,1,LAB-000005,test chemical,EPAPLT0121B09,7,30,uM,TC00000201_K04,TC00000201,K04,1_EPAPLT0121B09_7,OK
CV,1,c2018-10-14,1,LAB-000005,test chemical,EPAPLT0121B09,8,100,uM,TC00000201_G11,TC00000201,G11,1_EPAPLT0121B09_8,OK
CV,1,c2018-10-14,1,LAB-000005,test chemical,EPAPLT0121B10,1,0.0299,uM,TC00000201_N03,TC00000201,N03,1_EPAPLT0121B10_1,OK
CV,1,c2018-10-14,1,LAB-000005,test chemical,EPAPLT0121B10,2,0.1,uM,TC00000201_D20,TC00000201,D20,1_EPAPLT0121B10_2,OK
CV,1,c2018-10-14,1,LAB-000005,test chemical,EPAPLT0121B10,3,0.3,uM,TC00000201_M02,TC00000201,M02,1_EPAPLT0121B10_3,OK
CV,1,c2018-10-14,1,LAB-000005,test chemical,EPAPLT0121B10,4,1,uM,TC00000201_B23,TC00000201,B23,1_EPAPLT0121B10_4,OK
CV,1,c2018-10-14,1,LAB-000005,test chemical,EPAPLT0121B10,5,3,uM,TC00000201_I07,TC00000201,I07,1_EPAPLT0121B10_5,OK
CV,1,c2018-10-14,1,LAB-000005,test chemical,EPAPLT0121B10,6,10,uM,TC00000201_L10,TC00000201,L10,1_EPAPLT0121B10_6,OK
CV,1,c2018-10-14,1,LAB-000005,test chemical,EPAPLT0121B10,7,30,uM,TC00000201_I13,TC00000201,I13,1_EPAPLT0121B10_7,OK
CV,1,c2018-10-14,1,LAB-000005,test chemical,EPAPLT0121B10,8,100,uM,TC00000201_E13,TC00000201,E13,1_EPAPLT0121B10_8,OK
CV,1,c2018-10-14,1,LAB-000005,test chemical,EPAPLT0121B11,1,0.0299,uM,TC00000201_O01,TC00000201,O01,1_EPAPLT0121B11_1,OK
CV,1,c2018-10-14,1,LAB-000005,test chemical,EPAPLT0121B11,2,0.1,uM,TC00000201_I21,TC00000201,I21,1_EPAPLT0121B11_2,OK
CV,1,c2018-10-14,1,LAB-000005,test chemical,EPAPLT0121B11,3,0.3,uM,TC00000201_G15,TC00000201,G15,1_EPAPLT0121B11_3,OK
CV,1,c2018-10-14,1,LAB-000005,test chemical,EPAPLT0121B11,4,1,uM,TC00000201_F05,TC00000201,F05,1_EPAPLT0121B11_4,OK
CV,1,c2018-10-14,1,LAB-000005,test chemical,EPAPLT0121B11,5,3,uM,TC00000201_O03,TC00000201,O03,1_EPAPLT0121B11_5,OK
CV,1,c2018-10-14,1,LAB-000005,test chemical,EPAPLT0121B11,6,10,uM,TC00000201_O22,TC00000201,O22,1_EPAPLT0121B11_6,OK
CV,1,c2018-10-14,1,LAB-000005,test chemical,EPAPLT0121B11,7,30,uM,TC00000201_D10,TC00000201,D10,1_EPAPLT0121B11_7,OK
CV,1,c2018-10-14,1,LAB-000005,test chemical,EPAPLT0121B11,8,100,uM,TC00000201_M11,TC00000201,M11,1_EPAPLT0121B11_8,OK
CV,1,c2018-10-14,1,LAB-000005,test chemical,EPAPLT0121B12,1,0.0299,uM,TC00000201_L19,TC00000201,L19,1_EPAPLT0121B12_1,OK
CV,1,c2018-10-14,1,LAB-000005,test chemical,EPAPLT0121B12,2,0.1,uM,TC00000201_F10,TC00000201,F10,1_EPAPLT0121B12_2,OK
CV,1,c2018-10-14,1,LAB-000005,test chemical,EPAPLT0121B12,3,0.3,uM,TC00000201_L21,TC00000201,L21,1_EPAPLT0121B12_3,OK
CV,1,c2018-10-14,1,LAB-000005,test chemical,EPAPLT0121B12,4,1,uM,TC00000201_J01,TC00000201,J01,1_EPAPLT0121B12_4,OK
CV,1,c2018-10-14,1,LAB-000005,test chemical,EPAPLT0121B12,5,3,uM,TC00000201_B17,TC00000201,B17,1_EPAPLT0121B12_5,OK
CV,1,c2018-10-14,1,LAB-000005,test chemical,EPAPLT0121B12,6,10,uM,TC00000201_J08,TC00000201,J08,1_EPAPLT0121B12_6,OK
CV,1,c2018-10-14,1,LAB-000005,test chemical,EPAPLT0121B12,7,30,uM,TC00000201_P02,TC00000201,P02,1_EPAPLT0121B12_7,OK
CV,1,c2018-10-14,1,LAB-000005,test chemical,EPAPLT0121B12,8,100,uM,TC00000201_M05,TC00000201,M05,1_EPAPLT0121B12_8,OK
CV,1,c2018-10-14,1,LAB-000005,test chemical,EPAPLT0121B13,1,0.0299,uM,TC00000201_H21,TC00000201,H21,1_EPAPLT0121B13_1,OK
CV,1,c2018-10-14,1,LAB-000005,test chemical,EPAPLT0121B13,2,0.1,uM,TC00000201_C17,TC00000201,C17,1_EPAPLT0121B13_2,OK
CV,1,c2018-10-14,1,LAB-000005,test chemical,EPAPLT0121B13,3,0.3,uM,TC00000201_M10,TC00000201,M10,1_EPAPLT0121B13_3,OK
CV,1,c2018-10-14,1,LAB-000005,test chemical,EPAPLT0121B13,4,1,uM,TC00000201_N11,TC00000201,N11,1_EPAPLT0121B13_4,OK
CV,1,c2018-10-14,1,LAB-000005,test chemical,EPAPLT0121B13,5,3,uM,TC00000201_D17,TC00000201,D17,1_EPAPLT0121B13_5,OK
CV,1,c2018-10-14,1,LAB-000005,test chemical,EPAPLT0121B13,6,10,uM,TC00000201_N01,TC00000201,N01,1_EPAPLT0121B13_6,OK
CV,1,c2018-10-14,1,LAB-000005,test chemical,EPAPLT0121B13,7,30,uM,TC00000201_G18,TC00000201,G18,1_EPAPLT0121B13_7,OK
CV,1,c2018-10-14,1,LAB-000005,test chemical,EPAPLT0121B13,8,100,uM,TC00000201_P10,TC00000201,P10,1_EPAPLT0121B13_8,OK
CV,1,c2018-10-14,1,LAB-000005,test chemical,EPAPLT0121B14,1,0.0299,uM,TC00000201_M23,TC00000201,M23,1_EPAPLT0121B14_1,OK
CV,1,c2018-10-14,1,LAB-000005,test chemical,EPAPLT0121B14,2,0.1,uM,TC00000201_M14,TC00000201,M14,1_EPAPLT0121B14_2,OK
CV,1,c2018-10-14,1,LAB-000005,test chemical,EPAPLT0121B14,3,0.3,uM,TC00000201_F01,TC00000201,F01,1_EPAPLT0121B14_3,OK
CV,1,c2018-10-14,1,LAB-000005,test chemical,EPAPLT0121B14,4,1,uM,TC00000201_H14,TC00000201,H14,1_EPAPLT0121B14_4,OK
CV,1,c2018-10-14,1,LAB-000005,test chemical,EPAPLT0121B14,5,3,uM,TC00000201_D22,TC00000201,D22,1_EPAPLT0121B14_5,OK
CV,1,c2018-10-14,1,LAB-000005,test chemical,EPAPLT0121B14,6,10,uM,TC00000201_B19,TC00000201,B19,1_EPAPLT0121B14_6,OK
CV,1,c2018-10-14,1,LAB-000005,test chemical,EPAPLT0121B14,7,30,uM,TC00000201_C04,TC00000201,C04,1_EPAPLT0121B14_7,OK
CV,1,c2018-10-14,1,LAB-000005,test chemical,EPAPLT0121B14,8,100,uM,TC00000201_B15,TC00000201,B15,1_EPAPLT0121B14_8,OK
CV,1,c2018-10-14,1,LAB-000005,test chemical,EPAPLT0121B15,1,0.0299,uM,TC00000201_L08,TC00000201,L08,1_EPAPLT0121B15_1,OK
CV,1,c2018-10-14,1,LAB-000005,test chemical,EPAPLT0121B15,2,0.1,uM,TC00000201_O12,TC00000201,O12,1_EPAPLT0121B15_2,OK
CV,1,c2018-10-14,1,LAB-000005,test chemical,EPAPLT0121B15,3,0.3,uM,TC00000201_A17,TC00000201,A17,1_EPAPLT0121B15_3,OK
CV,1,c2018-10-14,1,LAB-000005,test chemical,EPAPLT0121B15,4,1,uM,TC00000201_G01,TC00000201,G01,1_EPAPLT0121B15_4,OK
CV,1,c2018-10-14,1,LAB-000005,test chemical,EPAPLT0121B15,5,3,uM,TC00000201_A08,TC00000201,A08,1_EPAPLT0121B15_5,OK
CV,1,c2018-10-14,1,LAB-000005,test chemical,EPAPLT0121B15,6,10,uM,TC00000201_I17,TC00000201,I17,1_EPAPLT0121B15_6,OK
CV,1,c2018-10-14,1,LAB-000005,test chemical,EPAPLT0121B15,7,30,uM,TC00000201_I22,TC00000201,I22,1_EPAPLT0121B15_7,OK
CV,1,c2018-10-14,1,LAB-000005,test chemical,EPAPLT0121B15,8,100,uM,TC00000201_N04,TC00000201,N04,1_EPAPLT0121B15_8,OK
CV,1,c2018-10-14,1,LAB-000005,test chemical,EPAPLT0121B16,1,0.0299,uM,TC00000201_G14,TC00000201,G14,1_EPAPLT0121B16_1,OK
CV,1,c2018-10-14,1,LAB-000005,test chemical,EPAPLT0121B16,2,0.0999,uM,TC00000201_K02,TC00000201,K02,1_EPAPLT0121B16_2,OK
CV,1,c2018-10-14,1,LAB-000005,test chemical,EPAPLT0121B16,3,0.3,uM,TC00000201_A05,TC00000201,A05,1_EPAPLT0121B16_3,OK
CV,1,c2018-10-14,1,LAB-000005,test chemical,EPAPLT0121B16,4,0.999,uM,TC00000201_L22,TC00000201,L22,1_EPAPLT0121B16_4,OK
CV,1,c2018-10-14,1,LAB-000005,test chemical,EPAPLT0121B16,5,3,uM,TC00000201_N21,TC00000201,N21,1_EPAPLT0121B16_5,OK
CV,1,c2018-10-14,1,LAB-000005,test chemical,EPAPLT0121B16,6,9.99,uM,TC00000201_K20,TC00000201,K20,1_EPAPLT0121B16_6,OK
CV,1,c2018-10-14,1,LAB-000005,test chemical,EPAPLT0121B16,7,30,uM,TC00000201_I12,TC00000201,I12,1_EPAPLT0121B16_7,OK
CV,1,c2018-10-14,1,LAB-000005,test chemical,EPAPLT0121B16,8,99.9,uM,TC00000201_A04,TC00000201,A04,1_EPAPLT0121B16_8,OK
CV,1,c2018-10-14,1,LAB-000001,vehicle control,DMSO,0,,uM,TC00000201_P09,TC00000201,P09,1_DMSO_0,OK
CV,1,c2018-10-14,1,LAB-000001,vehicle control,DMSO,0,,uM,TC00000201_E09,TC00000201,E09,1_DMSO_0,OK
CV,1,c2018-10-14,1,LAB-000001,vehicle control,DMSO,0,,uM,TC00000201_E10,TC00000201,E10,1_DMSO_0,OK
CV,1,c2018-10-14,1,LAB-000001,vehicle control,DMSO,0,,uM,TC00000201_M09,TC00000201,M09,1_DMSO_0,OK
CV,1,c2018-10-14,1,LAB-000001,vehicle control,DMSO,0,,uM,TC00000201_K08,TC00000201,K08,1_DMSO_0,OK
CV,1,c2018-10-14,1,LAB-000001,vehicle control,DMSO,0,,uM,TC00000201_J03,TC00000201,J03,1_DMSO_0,OK
CV,1,c2018-10-14,1,LAB-000001,vehicle control,DMSO,0,,uM,TC00000201_M24,TC00000201,M24,1_DMSO_0,OK
CV,1,c2018-10-14,1,LAB-000001,vehicle control,DMSO,0,,uM,TC00000201_G23,TC00000201,G23,1_DMSO_0,OK
CV,1,c2018-10-14,1,LAB-000001,vehicle control,DMSO,0,,uM,TC00000201_N22,TC00000201,N22,1_DMSO_0,OK
CV,1,c2018-10-14,1,LAB-000001,vehicle control,DMSO,0,,uM,TC00000201_H11,TC00000201,H11,1_DMSO_0,OK
CV,1,c2018-10-14,1,LAB-000001,vehicle control,DMSO,0,,uM,TC00000201_G24,TC00000201,G24,1_DMSO_0,OK
CV,1,c2018-10-14,1,LAB-000001,vehicle control,DMSO,0,,uM,TC00000201_J11,TC00000201,J11,1_DMSO_0,OK
CV,1,c2018-10-14,1,LAB-000001,vehicle control,DMSO,0,,uM,TC00000201_C01,TC00000201,C01,1_DMSO_0,OK
CV,1,c2018-10-14,1,LAB-000001,vehicle control,DMSO,0,,uM,TC00000201_J09,TC00000201,J09,1_DMSO_0,OK
CV,1,c2018-10-14,1,LAB-000001,vehicle control,DMSO,0,,uM,TC00000201_N16,TC00000201,N16,1_DMSO_0,OK
CV,1,c2018-10-14,1,LAB-000001,vehicle control,DMSO,0,,uM,TC00000201_G12,TC00000201,G12,1_DMSO_0,OK
CV,1,c2018-10-14,1,LAB-000001,vehicle control,DMSO,0,,uM,TC00000201_N24,TC00000201,N24,1_DMSO_0,OK
CV,1,c2018-10-14,1,LAB-000001,vehicle control,DMSO,0,,uM,TC00000201_N02,TC00000201,N02,1_DMSO_0,OK
CV,1,c2018-10-14,1,LAB-000001,vehicle control,DMSO,0,,uM,TC00000201_B10,TC00000201,B10,1_DMSO_0,OK
CV,1,c2018-10-14,1,LAB-000001,vehicle control,DMSO,0,,uM,TC00000201_F07,TC00000201,F07,1_DMSO_0,OK
CV,1,c2018-10-14,1,LAB-000001,vehicle control,DMSO,0,,uM,TC00000201_O20,TC00000201,O20,1_DMSO_0,OK
CV,1,c2018-10-14,1,LAB-000001,vehicle control,DMSO,0,,uM,TC00000201_F04,TC00000201,F04,1_DMSO_0,OK
CV,1,c2018-10-14,1,LAB-000001,vehicle control,DMSO,0,,uM,TC00000201_H09,TC00000201,H09,1_DMSO_0,OK
CV,1,c2018-10-14,1,LAB-000001,vehicle control,DMSO,0,,uM,TC00000201_N19,TC00000201,N19,1_DMSO_0,OK
CV,1,c2018-10-14,1,LAB-000001,viability positive control,STAURO,1,0.01,uM,TC00000201_C14,TC00000201,C14,1_STAURO_1,OK
CV,1,c2018-10-14,1,LAB-000001,viability positive control,STAURO,2,0.03,uM,TC00000201_D09,TC00000201,D09,1_STAURO_2,OK
CV,1,c2018-10-14,1,LAB-000001,viability positive control,STAURO,3,0.1,uM,TC00000201_P06,TC00000201,P06,1_STAURO_3,OK
CV,1,c2018-10-14,1,LAB-000001,viability positive control,STAURO,4,0.3,uM,TC00000201_M12,TC00000201,M12,1_STAURO_4,OK
CV,1,c2018-10-14,1,LAB-000001,viability positive control,STAURO,5,1,uM,TC00000201_H12,TC00000201,H12,1_STAURO_5,OK
CV,1,c2018-10-14,1,LAB-000001,viability positive control,STAURO,5,1,uM,TC00000201_G06,TC00000201,G06,1_STAURO_5,OK
CV,1,c2018-10-14,1,LAB-000001,viability positive control,STAURO,5,1,uM,TC00000201_E14,TC00000201,E14,1_STAURO_5,OK
CV,1,c2018-10-14,1,LAB-000001,viability positive control,STAURO,6,3,uM,TC00000201_K07,TC00000201,K07,1_STAURO_6,OK
